// 아이디,//아이콘 이름,//설명, 
ID,Name,,
1,#CSO2_TITLE_NAME_01,NONAME,
2,#CSO2_TITLE_NAME_02,NONAME,
3,#CSO2_TITLE_NAME_03,NONAME,
4,#CSO2_TITLE_NAME_04,NONAME,
5,#CSO2_TITLE_NAME_05,NONAME,
6,#CSO2_TITLE_NAME_06,NONAME,
7,#CSO2_TITLE_NAME_07,NONAME,
8,#CSO2_TITLE_NAME_08,NONAME,
9,#CSO2_TITLE_NAME_09,NONAME,
10,#CSO2_TITLE_NAME_10,NONAME,
11,#CSO2_TITLE_NAME_11,NONAME,
12,#CSO2_TITLE_NAME_12,NONAME,
13,#CSO2_TITLE_NAME_13,NONAME,
14,#CSO2_TITLE_NAME_14,NONAME,
15,#CSO2_TITLE_NAME_15,NONAME,
16,#CSO2_TITLE_NAME_16,NONAME,
17,#CSO2_TITLE_NAME_17,NONAME,
18,#CSO2_TITLE_NAME_18,NONAME,
19,#CSO2_TITLE_NAME_19,NONAME,
20,#CSO2_TITLE_NAME_20,NONAME,
21,#CSO2_TITLE_NAME_21,NONAME,
22,#CSO2_TITLE_NAME_22,NONAME,
23,#CSO2_TITLE_NAME_23,NONAME,
24,#CSO2_TITLE_NAME_24,NONAME,
25,#CSO2_TITLE_NAME_25,NONAME,
26,#CSO2_TITLE_NAME_26,NONAME,
27,#CSO2_TITLE_NAME_27,NONAME,
28,#CSO2_TITLE_NAME_28,NONAME,
29,#CSO2_TITLE_NAME_29,NONAME,
30,#CSO2_TITLE_NAME_30,NONAME,
31,#CSO2_TITLE_NAME_31,NONAME,
32,#CSO2_TITLE_NAME_32,NONAME,
33,#CSO2_TITLE_NAME_33,NONAME,
34,#CSO2_TITLE_NAME_34,NONAME,
36,#CSO2_TITLE_NAME_36,NONAME,
37,#CSO2_TITLE_NAME_37,NONAME,
38,#CSO2_TITLE_NAME_38,NONAME,
39,#CSO2_TITLE_NAME_39,NONAME,
40,#CSO2_TITLE_NAME_40,NONAME,
41,#CSO2_TITLE_NAME_41,NONAME,
42,#CSO2_TITLE_NAME_42,NONAME,
43,#CSO2_TITLE_NAME_43,NONAME,
44,#CSO2_TITLE_NAME_44,NONAME,
45,#CSO2_TITLE_NAME_45,NONAME,
46,#CSO2_TITLE_NAME_46,NONAME,
47,#CSO2_TITLE_NAME_47,NONAME,
48,#CSO2_TITLE_NAME_48,NONAME,
49,#CSO2_TITLE_NAME_49,NONAME,
50,#CSO2_TITLE_NAME_50,NONAME,
51,#CSO2_TITLE_NAME_51,NONAME,
52,#CSO2_TITLE_NAME_52,NONAME,
53,#CSO2_TITLE_NAME_53,NONAME,
54,#CSO2_TITLE_NAME_54,NONAME,
55,#CSO2_TITLE_NAME_55,NONAME,
56,#CSO2_TITLE_NAME_56,NONAME,
57,#CSO2_TITLE_NAME_57,NONAME,
58,#CSO2_TITLE_NAME_58,NONAME,
59,#CSO2_TITLE_NAME_59,NONAME,
60,#CSO2_TITLE_NAME_60,NONAME,
61,#CSO2_TITLE_NAME_61,NONAME,
62,#CSO2_TITLE_NAME_62,NONAME,
63,#CSO2_TITLE_NAME_63,NONAME,
64,#CSO2_TITLE_NAME_64,NONAME,
65,#CSO2_TITLE_NAME_65,NONAME,
66,#CSO2_TITLE_NAME_66,NONAME,
67,#CSO2_TITLE_NAME_67,NONAME,
68,#CSO2_TITLE_NAME_68,NONAME,
69,#CSO2_TITLE_NAME_69,NONAME,
70,#CSO2_TITLE_NAME_70,NONAME,
71,#CSO2_TITLE_NAME_71,NONAME,
72,#CSO2_TITLE_NAME_72,NONAME,
73,#CSO2_TITLE_NAME_73,NONAME,
74,#CSO2_TITLE_NAME_74,NONAME,
75,#CSO2_TITLE_NAME_75,NONAME,
76,#CSO2_TITLE_NAME_76,NONAME,
77,#CSO2_TITLE_NAME_77,NONAME,
78,#CSO2_TITLE_NAME_78,NONAME,
79,#CSO2_TITLE_NAME_79,NONAME,
80,#CSO2_TITLE_NAME_80,NONAME,
81,#CSO2_TITLE_NAME_81,NONAME,
82,#CSO2_TITLE_NAME_82,NONAME,
83,#CSO2_TITLE_NAME_83,NONAME,
84,#CSO2_TITLE_NAME_84,NONAME,
85,#CSO2_TITLE_NAME_85,NONAME,
86,#CSO2_TITLE_NAME_86,NONAME,
87,#CSO2_TITLE_NAME_87,NONAME,
88,#CSO2_TITLE_NAME_88,NONAME,
89,#CSO2_TITLE_NAME_89,NONAME,
90,#CSO2_TITLE_NAME_90,NONAME,
91,#CSO2_TITLE_NAME_91,NONAME,
92,#CSO2_TITLE_NAME_92,NONAME,
93,#CSO2_TITLE_NAME_93,NONAME,
94,#CSO2_TITLE_NAME_94,NONAME,
95,#CSO2_TITLE_NAME_95,NONAME,
96,#CSO2_TITLE_NAME_96,NONAME,
97,#CSO2_TITLE_NAME_97,NONAME,
98,#CSO2_TITLE_NAME_98,NONAME,
99,#CSO2_TITLE_NAME_99,NONAME,
100,#CSO2_TITLE_NAME_100,NONAME,
101,#CSO2_TITLE_NAME_101,NONAME,
102,#CSO2_TITLE_NAME_102,NONAME,
103,#CSO2_TITLE_NAME_103,NONAME,
104,#CSO2_TITLE_NAME_104,NONAME,
201,#CSO2_TITLE_NAME_1022,NONAME,
202,#CSO2_TITLE_NAME_1023,NONAME,
203,#CSO2_TITLE_NAME_1024,NONAME,
204,#CSO2_TITLE_NAME_1025,NONAME,
205,#CSO2_TITLE_NAME_1026,NONAME,
206,#CSO2_TITLE_NAME_1027,NONAME,
207,#CSO2_TITLE_NAME_1028,NONAME,
208,#CSO2_TITLE_NAME_1029,NONAME,
209,#CSO2_TITLE_NAME_1030,NONAME,
210,#CSO2_TITLE_NAME_1031,NONAME,
211,#CSO2_TITLE_NAME_1032,NONAME,
212,#CSO2_TITLE_NAME_1033,NONAME,
213,#CSO2_TITLE_NAME_1034,NONAME,
214,#CSO2_TITLE_NAME_1035,NONAME,
215,#CSO2_TITLE_NAME_1036,NONAME,
216,#CSO2_TITLE_NAME_1037,NONAME,
217,#CSO2_TITLE_NAME_1038,NONAME,
218,#CSO2_TITLE_NAME_1039,NONAME,
219,#CSO2_TITLE_NAME_1040,NONAME,
220,#CSO2_TITLE_NAME_1041,NONAME,
221,#CSO2_TITLE_NAME_221,NONAME,
222,#CSO2_TITLE_NAME_222,NONAME,
223,#CSO2_TITLE_NAME_223,NONAME,
224,#CSO2_TITLE_NAME_224,NONAME,
225,#CSO2_TITLE_NAME_225,NONAME,
226,#CSO2_TITLE_NAME_226,NONAME,
227,#CSO2_TITLE_NAME_227,NONAME,
228,#CSO2_TITLE_NAME_228,NONAME,
229,#CSO2_TITLE_NAME_229,NONAME,
230,#CSO2_TITLE_NAME_230,NONAME,
231,#CSO2_TITLE_NAME_231,NONAME,
232,#CSO2_TITLE_NAME_232,NONAME,
233,#CSO2_TITLE_NAME_233,NONAME,
234,#CSO2_TITLE_NAME_234,NONAME,
235,#CSO2_TITLE_NAME_235,NONAME,
236,#CSO2_TITLE_NAME_236,NONAME,
237,#CSO2_TITLE_NAME_237,NONAME,
238,#CSO2_TITLE_NAME_238,NONAME,
239,#CSO2_TITLE_NAME_239,NONAME,
240,#CSO2_TITLE_NAME_240,NONAME,
601,#CSO2_TITLE_NAME_2001,NONAME,
602,#CSO2_TITLE_NAME_2002,NONAME,
701,#CSO2_TITLE_NAME_701,NONAME,
702,#CSO2_TITLE_NAME_702,NONAME,
801,#CSO2_TITLE_NAME_801,NONAME,
802,#CSO2_TITLE_NAME_802,NONAME,
803,#CSO2_TITLE_NAME_803,NONAME,
804,#CSO2_TITLE_NAME_804,NONAME,
805,#CSO2_TITLE_NAME_805,NONAME,
806,#CSO2_TITLE_NAME_806,NONAME,
807,#CSO2_TITLE_NAME_807,NONAME,
808,#CSO2_TITLE_NAME_808,NONAME,
809,#CSO2_TITLE_NAME_809,NONAME,
810,#CSO2_TITLE_NAME_810,NONAME,
811,#CSO2_TITLE_NAME_811,NONAME,
812,#CSO2_TITLE_NAME_ZCSIDE,NONAME,
813,#CSO2_TITLE_NAME_813,NONAME,
814,#CSO2_TITLE_NAME_814,NONAME,
815,#CSO2_TITLE_NAME_815,NONAME,
816,#CSO2_TITLE_NAME_816,NONAME,
817,#CSO2_TITLE_NAME_817,NONAME,
818,#CSO2_TITLE_NAME_818,NONAME,
819,#CSO2_TITLE_NAME_819,NONAME,
820,#CSO2_TITLE_NAME_820,NONAME,
821,#CSO2_TITLE_NAME_821,NONAME,
822,#CSO2_TITLE_NAME_822,NONAME,
823,#CSO2_TITLE_NAME_823,NONAME,
824,#CSO2_TITLE_NAME_824,NONAME,
825,#CSO2_TITLE_NAME_825,NONAME,
826,#CSO2_TITLE_NAME_826,NONAME,
827,#CSO2_TITLE_NAME_827,NONAME,
828,#CSO2_TITLE_NAME_828,NONAME,
829,#CSO2_TITLE_NAME_829,NONAME,
830,#CSO2_TITLE_NAME_830,NONAME,
831,#CSO2_TITLE_NAME_831,NONAME,
832,#CSO2_TITLE_NAME_832,NONAME,
833,#CSO2_TITLE_NAME_833,NONAME,
834,#CSO2_TITLE_NAME_834,NONAME,
835,#CSO2_TITLE_NAME_835,NONAME,
836,#CSO2_TITLE_NAME_836,NONAME,
837,#CSO2_TITLE_NAME_837,NONAME,
838,#CSO2_TITLE_NAME_838,NONAME,
839,#CSO2_TITLE_NAME_839,NONAME,
840,#CSO2_TITLE_NAME_840,NONAME,
841,#CSO2_TITLE_NAME_841,NONAME,
842,#CSO2_TITLE_NAME_842,NONAME,
843,#CSO2_TITLE_NAME_843,NONAME,
844,#CSO2_TITLE_NAME_844,NONAME,
845,#CSO2_TITLE_NAME_845,NONAME,
846,#CSO2_TITLE_NAME_846,NONAME,
847,#CSO2_TITLE_NAME_847,NONAME,
848,#CSO2_TITLE_NAME_848,NONAME,
849,#CSO2_TITLE_NAME_849,NONAME,
850,#CSO2_TITLE_NAME_850,NONAME,
851,#CSO2_TITLE_NAME_851,NONAME,
852,#CSO2_TITLE_NAME_852,NONAME,
853,#CSO2_TITLE_NAME_853,NONAME,
900,#CSO2_TITLE_NAME_5000,NONAME,
901,#CSO2_TITLE_NAME_5001,NONAME,
902,#CSO2_TITLE_NAME_5002,NONAME,
903,#CSO2_TITLE_NAME_5003,NONAME,
904,#CSO2_TITLE_NAME_5004,NONAME,
905,#CSO2_TITLE_NAME_5005,NONAME,
906,#CSO2_TITLE_NAME_5006,NONAME,
907,#CSO2_TITLE_NAME_5007,NONAME,
908,#CSO2_TITLE_NAME_5008,NONAME,
909,#CSO2_TITLE_NAME_5009,NONAME,
910,#CSO2_TITLE_NAME_5010,NONAME,
911,#CSO2_TITLE_NAME_5011,NONAME,
912,#CSO2_TITLE_NAME_5012,NONAME,
913,#CSO2_TITLE_NAME_5013,NONAME,
914,#CSO2_TITLE_NAME_5014,NONAME,
915,#CSO2_TITLE_NAME_5015,NONAME,
916,#CSO2_TITLE_NAME_5016,NONAME,
917,#CSO2_TITLE_NAME_5017,NONAME,
918,#CSO2_TITLE_NAME_5018,NONAME,
919,#CSO2_TITLE_NAME_5019,NONAME,
920,#CSO2_TITLE_NAME_5020,NONAME,
921,#CSO2_TITLE_NAME_5021,NONAME,
922,#CSO2_TITLE_NAME_5022,NONAME,
923,#CSO2_TITLE_NAME_5023,NONAME,
924,#CSO2_TITLE_NAME_5024,NONAME,
925,#CSO2_TITLE_NAME_5025,NONAME,
926,#CSO2_TITLE_NAME_5026,NONAME,
927,#CSO2_TITLE_NAME_5027,NONAME,
928,#CSO2_TITLE_NAME_5028,NONAME,
929,#CSO2_TITLE_NAME_5029,NONAME,
930,#CSO2_TITLE_NAME_5030,NONAME,
931,#CSO2_TITLE_NAME_5031,NONAME,
932,#CSO2_TITLE_NAME_5032,NONAME,
933,#CSO2_TITLE_NAME_931,NONAME,
934,#CSO2_TITLE_NAME_932,NONAME,
935,#CSO2_TITLE_NAME_933,NONAME,
936,#CSO2_TITLE_NAME_934,NONAME,
937,#CSO2_TITLE_NAME_935,NONAME,
938,#CSO2_TITLE_NAME_936,NONAME,
939,#CSO2_TITLE_NAME_937,NONAME,
940,#CSO2_TITLE_NAME_938,NONAME,
941,#CSO2_TITLE_NAME_939,NONAME,
942,#CSO2_TITLE_NAME_940,NONAME,
943,#CSO2_TITLE_NAME_941,NONAME,
944,#CSO2_TITLE_NAME_942,NONAME,
950,#CSO2_TITLE_NAME_950,NONAME,
951,#CSO2_TITLE_NAME_951,NONAME,
952,#CSO2_TITLE_NAME_952,NONAME,
953,#CSO2_TITLE_NAME_953,NONAME,
954,#CSO2_TITLE_NAME_954,NONAME,
955,#CSO2_TITLE_NAME_955,NONAME,
956,#CSO2_TITLE_NAME_956,NONAME,
957,#CSO2_TITLE_NAME_957,NONAME,
958,#CSO2_TITLE_NAME_958,NONAME,
959,#CSO2_TITLE_NAME_959,NONAME,
960,#CSO2_TITLE_NAME_960,NONAME,
961,#CSO2_TITLE_NAME_961,NONAME,
962,#CSO2_TITLE_NAME_962,NONAME,
963,#CSO2_TITLE_NAME_963,NONAME,
964,#CSO2_TITLE_NAME_964,NONAME,
965,#CSO2_TITLE_NAME_965,NONAME,
966,#CSO2_TITLE_NAME_966,NONAME,
967,#CSO2_TITLE_NAME_967,NONAME,
968,#CSO2_TITLE_NAME_968,NONAME,
969,#CSO2_TITLE_NAME_969,NONAME,
970,#CSO2_TITLE_NAME_970,NONAME,
971,#CSO2_TITLE_NAME_971,NONAME,
972,#CSO2_TITLE_NAME_972,NONAME,
973,#CSO2_TITLE_NAME_973,NONAME,
974,#CSO2_TITLE_NAME_974,NONAME,
975,#CSO2_TITLE_NAME_975,NONAME,
976,#CSO2_TITLE_NAME_976,NONAME,
977,#CSO2_TITLE_NAME_977,NONAME,
978,#CSO2_TITLE_NAME_978,NONAME,
979,#CSO2_TITLE_NAME_979,NONAME,
980,#CSO2_TITLE_NAME_980,NONAME,
981,#CSO2_TITLE_NAME_981,NONAME,
982,#CSO2_TITLE_NAME_982,NONAME,
983,#CSO2_TITLE_NAME_983,NONAME,
984,#CSO2_TITLE_NAME_984,NONAME,
985,#CSO2_TITLE_NAME_985,NONAME,
986,#CSO2_TITLE_NAME_986,NONAME,
987,#CSO2_TITLE_NAME_987,NONAME,
988,#CSO2_TITLE_NAME_988,NONAME,
989,#CSO2_TITLE_NAME_989,NONAME,
990,#CSO2_TITLE_NAME_990,NONAME,
995,#CSO2_TITLE_NAME_995,NONAME,
996,#CSO2_TITLE_NAME_996,NONAME,
997,#CSO2_TITLE_NAME_9999,NONAME,
998,#CSO2_TITLE_NAME_998,NONAME,
999,#CSO2_TITLE_NAME_999,NONAME,
1001,#CSO2_TITLE_NAME_1001,NONAME,
1002,#CSO2_TITLE_NAME_1002,NONAME,
1003,#CSO2_TITLE_NAME_1003,NONAME,
1004,#CSO2_TITLE_NAME_1004,NONAME,
1005,#CSO2_TITLE_NAME_1005,NONAME,
1006,#CSO2_TITLE_NAME_1006,NONAME,
1007,#CSO2_TITLE_NAME_1007,NONAME,
1008,#CSO2_TITLE_NAME_1008,NONAME,
1009,#CSO2_TITLE_NAME_1009,NONAME,
1010,#CSO2_TITLE_NAME_1010,NONAME,
1011,#CSO2_TITLE_NAME_1011,NONAME,
1012,#CSO2_TITLE_NAME_1012,NONAME,
1013,#CSO2_TITLE_NAME_1013,NONAME,
1014,#CSO2_TITLE_NAME_1014,NONAME,
1015,#CSO2_TITLE_NAME_1015,NONAME,
1016,#CSO2_TITLE_NAME_1016,NONAME,
1017,#CSO2_TITLE_NAME_1017,NONAME,
1018,#CSO2_TITLE_NAME_1018,NONAME,
1019,#CSO2_TITLE_NAME_1019,NONAME,
1020,#CSO2_TITLE_NAME_1020,NONAME,
1021,#CSO2_TITLE_NAME_1021,NONAME,
1022,#CSO2_TITLE_NAME_5033,NONAME,
1023,#CSO2_TITLE_NAME_5034,NONAME,
1024,#CSO2_TITLE_NAME_5035,NONAME,
